Word,Count
2],4
mail.python.org/pipermail/python-list/2004-December/294990.html,4
2,3
//,3
-,3
+,3
/,3
2.0,2
2]),2
1],2
copy[n,2
tmp[(alen,1
en.wikipedia.org/wiki/Probability_density_function,1
raw.github.com/thomas-haslwanter/statsintro/master/Data/',1
2),1
christopher,1
www.elet.polimi.it/upload/matteucc/Clustering/tutorial_html/kmeans.html,1
\"\"\"\\,1
www.onlamp.com/pub/a/python/2006/02/09/ai_decision_trees.html,1
en.wikipedia.org/wiki/Cumulative_distribution_function,1
code.activestate.com/recipes/139422-dendrogram-drawing/,1
roach,1
by,1
1]),1
www.elet.polimi.it/upload/matteucc/Clustering/tutorial_html/hierarchical.html,1
www.gnu.org/licenses/>,1
